{
  "version": "1.0",
  "orgConfig": {
        "apiProducts": [
      {
        "name": "99weatherProduct",
        "displayName": "99weather Product",
        "description": "99weather Product",
        "apiResources": [
			"/test21",
            "/test22",
],
        "approvalType": "auto",
       "attributes": [
			{
				"name": "access",
				"value": "private"
			}
		],
        "environments": [
          "test"
        ],
        "proxies": [
          "forecastweatherapi"
        ],
        "scopes": []
      }
    ]
  }
}